2Theta,cuenta
10.02313028,1084
10.04939085,1257
10.07565142,1250
10.10191199,1100
10.12817256,1126
10.15443313,1208
10.1806937,1168
10.20695427,1130
10.23321484,1204
10.25947541,1130
10.28573598,1187
10.31199655,1132
10.33825712,1179
10.36451769,1178
10.39077826,1181
10.41703883,1236
10.4432994,1151
10.46955997,1184
10.49582054,1150
10.52208111,1194
10.54834168,1106
10.57460225,1184
10.60086282,1176
10.62712339,1176
10.65338396,1152
10.67964453,1184
10.7059051,1163
10.73216567,1153
10.75842624,1185
10.78468681,1158
10.81094738,1157
10.83720795,1167
10.86346852,1132
10.88972909,1166
10.91598966,1224
10.94225023,1165
10.9685108,1229
10.99477137,1213
11.02103194,1147
11.04729251,1134
11.07355308,1177
11.09981365,1192
11.12607422,1194
11.15233479,1295
11.17859536,1257
11.20485593,1184
11.2311165,1218
11.25737707,1211
11.28363764,1186
11.30989821,1186
11.33615878,1150
11.36241935,1186
11.38867992,1161
11.41494049,1254
11.44120106,1212
11.46746163,1199
11.4937222,1205
11.51998277,1183
11.54624334,1152
11.57250391,1204
11.59876448,1189
11.62502505,1219
11.65128562,1235
11.67754619,1169
11.70380676,1208
11.73006733,1219
11.7563279,1194
11.78258847,1219
11.80884904,1131
11.83510961,1220
11.86137018,1255
11.88763075,1206
11.91389132,1212
11.94015189,1233
11.96641246,1221
11.99267303,1222
12.0189336,1201
12.04519417,1202
12.07145474,1221
12.09771531,1124
12.12397588,1194
12.15023645,1194
12.17649702,1281
12.20275759,1278
12.22901816,1208
12.25527873,1259
12.2815393,1221
12.30779987,1171
12.33406044,1245
12.36032101,1294
12.38658158,1236
12.41284215,1255
12.43910272,1275
12.46536329,1186
12.49162386,1225
12.51788443,1213
12.544145,1188
12.57040557,1297
12.59666614,1235
12.62292671,1237
12.64918728,1247
12.67544785,1250
12.70170842,1228
12.72796899,1217
12.75422956,1200
12.78049013,1264
12.8067507,1328
12.83301127,1253
12.85927184,1196
12.88553241,1181
12.91179298,1186
12.93805355,1269
12.96431412,1257
12.99057469,1244
13.01683526,1194
13.04309583,1175
13.0693564,1186
13.09561697,1239
13.12187754,1224
13.14813811,1209
13.17439868,1231
13.20065925,1189
13.22691982,1246
13.25318039,1324
13.27944096,1208
13.30570153,1321
13.3319621,1200
13.35822267,1253
13.38448324,1317
13.41074381,1206
13.43700438,1200
13.46326495,1242
13.48952552,1274
13.51578609,1270
13.54204666,1220
13.56830723,1263
13.5945678,1237
13.62082837,1204
13.64708894,1236
13.67334951,1286
13.69961008,1203
13.72587065,1281
13.75213122,1294
13.77839179,1287
13.80465236,1289
13.83091293,1284
13.8571735,1279
13.88343407,1249
13.90969464,1260
13.93595521,1289
13.96221578,1263
13.98847635,1275
14.01473692,1254
14.04099749,1340
14.06725806,1282
14.09351863,1221
14.1197792,1275
14.14603977,1267
14.17230034,1280
14.19856091,1271
14.22482148,1344
14.25108205,1248
14.27734262,1295
14.30360319,1301
14.32986376,1271
14.35612433,1233
14.3823849,1216
14.40864547,1273
14.43490604,1295
14.46116661,1240
14.48742718,1200
14.51368775,1228
14.53994832,1261
14.56620889,1222
14.59246946,1290
14.61873003,1248
14.6449906,1260
14.67125117,1245
14.69751174,1299
14.72377231,1378
14.75003288,1281
14.77629345,1261
14.80255402,1306
14.82881459,1252
14.85507516,1234
14.88133573,1248
14.9075963,1296
14.93385687,1263
14.96011744,1246
14.98637801,1275
15.01263858,1292
15.03889915,1290
15.06515972,1309
15.09142029,1199
15.11768086,1265
15.14394143,1268
15.170202,1263
15.19646257,1285
15.22272314,1301
15.24898371,1212
15.27524428,1259
15.30150485,1263
15.32776542,1214
15.35402599,1339
15.38028656,1253
15.40654713,1245
15.4328077,1295
15.45906827,1282
15.48532884,1259
15.51158941,1287
15.53784998,1225
15.56411055,1273
15.59037112,1305
15.61663169,1278
15.64289226,1251
15.66915283,1273
15.6954134,1282
15.72167397,1204
15.74793454,1262
15.77419511,1253
15.80045568,1211
15.82671625,1290
15.85297682,1297
15.87923739,1274
15.90549796,1260
15.93175853,1255
15.9580191,1329
15.98427967,1309
16.01054024,1254
16.03680081,1291
16.06306138,1280
16.08932195,1296
16.11558252,1261
16.14184309,1226
16.16810366,1250
16.19436423,1228
16.2206248,1231
16.24688537,1278
16.27314594,1302
16.29940651,1316
16.32566708,1219
16.35192765,1232
16.37818822,1293
16.40444879,1248
16.43070936,1271
16.45696993,1281
16.4832305,1322
16.50949107,1236
16.53575164,1252
16.56201221,1276
16.58827278,1271
16.61453335,1296
16.64079392,1286
16.66705449,1182
16.69331506,1207
16.71957563,1255
16.7458362,1262
16.77209677,1277
16.79835734,1210
16.82461791,1268
16.85087848,1312
16.87713905,1305
16.90339962,1266
16.92966019,1290
16.95592076,1298
16.98218133,1300
17.0084419,1255
17.03470247,1256
17.06096304,1306
17.08722361,1259
17.11348418,1232
17.13974475,1279
17.16600532,1279
17.19226589,1330
17.21852646,1251
17.24478703,1322
17.2710476,1248
17.29730817,1183
17.32356874,1302
17.34982931,1338
17.37608988,1237
17.40235045,1218
17.42861102,1284
17.45487159,1254
17.48113216,1294
17.50739273,1204
17.5336533,1301
17.55991387,1310
17.58617444,1286
17.61243501,1242
17.63869558,1236
17.66495615,1307
17.69121672,1300
17.71747729,1309
17.74373786,1292
17.76999843,1218
17.796259,1274
17.82251957,1212
17.84878014,1282
17.87504071,1262
17.90130128,1301
17.92756185,1245
17.95382242,1242
17.98008299,1231
18.00634356,1202
18.03260413,1312
18.0588647,1241
18.08512527,1229
18.11138584,1220
18.13764641,1226
18.16390698,1207
18.19016755,1211
18.21642812,1268
18.24268869,1235
18.26894926,1204
18.29520983,1200
18.3214704,1180
18.34773097,1299
18.37399154,1226
18.40025211,1228
18.42651268,1237
18.45277325,1191
18.47903382,1251
18.50529439,1181
18.53155496,1258
18.55781553,1257
18.5840761,1241
18.61033667,1233
18.63659724,1297
18.66285781,1159
18.68911838,1246
18.71537895,1236
18.74163952,1222
18.76790009,1243
18.79416066,1209
18.82042123,1220
18.8466818,1209
18.87294237,1249
18.89920294,1225
18.92546351,1220
18.95172408,1279
18.97798465,1202
19.00424522,1299
19.03050579,1188
19.05676636,1220
19.08302693,1240
19.1092875,1247
19.13554807,1279
19.16180864,1235
19.18806921,1288
19.21432978,1251
19.24059035,1247
19.26685092,1230
19.29311149,1217
19.31937206,1262
19.34563263,1171
19.3718932,1200
19.39815377,1204
19.42441434,1196
19.45067491,1251
19.47693548,1219
19.50319605,1193
19.52945662,1206
19.55571719,1204
19.58197776,1199
19.60823833,1201
19.6344989,1304
19.66075947,1263
19.68702004,1143
19.71328061,1184
19.73954118,1208
19.76580175,1167
19.79206232,1191
19.81832289,1189
19.84458346,1253
19.87084403,1263
19.8971046,1203
19.92336517,1255
19.94962574,1236
19.97588631,1266
20.00214688,1198
20.02840745,1206
20.05466802,1174
20.08092859,1167
20.10718916,1246
20.13344973,1156
20.1597103,1262
20.18597087,1211
20.21223144,1182
20.23849201,1245
20.26475258,1178
20.29101315,1166
20.31727372,1163
20.34353429,1124
20.36979486,1239
20.39605543,1251
20.422316,1176
20.44857657,1181
20.47483714,1188
20.50109771,1261
20.52735828,1201
20.55361885,1248
20.57987942,1222
20.60613999,1180
20.63240056,1302
20.65866113,1156
20.6849217,1173
20.71118227,1209
20.73744284,1135
20.76370341,1170
20.78996398,1180
20.81622455,1207
20.84248512,1179
20.86874569,1185
20.89500626,1229
20.92126683,1232
20.9475274,1211
20.97378797,1213
21.00004854,1180
21.02630911,1241
21.05256968,1218
21.07883025,1204
21.10509082,1171
21.13135139,1163
21.15761196,1177
21.18387253,1132
21.2101331,1137
21.23639367,1184
21.26265424,1167
21.28891481,1184
21.31517538,1182
21.34143595,1159
21.36769652,1204
21.39395709,1207
21.42021766,1155
21.44647823,1177
21.4727388,1197
21.49899937,1212
21.52525994,1208
21.55152051,1133
21.57778108,1231
21.60404165,1247
21.63030222,1201
21.65656279,1233
21.68282336,1176
21.70908393,1223
21.7353445,1159
21.76160507,1180
21.78786564,1212
21.81412621,1177
21.84038678,1230
21.86664735,1161
21.89290792,1216
21.91916849,1174
21.94542906,1194
21.97168963,1194
21.9979502,1247
22.02421077,1158
22.05047134,1211
22.07673191,1242
22.10299248,1154
22.12925305,1236
22.15551362,1265
22.18177419,1133
22.20803476,1239
22.23429533,1125
22.2605559,1216
22.28681647,1174
22.31307704,1236
22.33933761,1114
22.36559818,1177
22.39185875,1194
22.41811932,1109
22.44437989,1201
22.47064046,1157
22.49690103,1198
22.5231616,1222
22.54942217,1166
22.57568274,1169
22.60194331,1182
22.62820388,1194
22.65446445,1182
22.68072502,1139
22.70698559,1167
22.73324616,1213
22.75950673,1153
22.7857673,1203
22.81202787,1232
22.83828844,1201
22.86454901,1216
22.89080958,1231
22.91707015,1191
22.94333072,1238
22.96959129,1132
22.99585186,1216
23.02211243,1192
23.048373,1232
23.07463357,1150
23.10089414,1199
23.12715471,1232
23.15341528,1111
23.17967585,1208
23.20593642,1235
23.23219699,1186
23.25845756,1204
23.28471813,1238
23.3109787,1228
23.33723927,1185
23.36349984,1171
23.38976041,1190
23.41602098,1206
23.44228155,1215
23.46854212,1185
23.49480269,1221
23.52106326,1140
23.54732383,1181
23.5735844,1182
23.59984497,1203
23.62610554,1187
23.65236611,1126
23.67862668,1212
23.70488725,1176
23.73114782,1192
23.75740839,1149
23.78366896,1199
23.80992953,1162
23.8361901,1203
23.86245067,1102
23.88871124,1144
23.91497181,1204
23.94123238,1204
23.96749295,1176
23.99375352,1158
24.02001409,1209
24.04627466,1236
24.07253523,1227
24.0987958,1252
24.12505637,1306
24.15131694,1399
24.17757751,1419
24.20383808,1576
24.23009865,1729
24.25635922,1835
24.28261979,1833
24.30888036,1797
24.33514093,1628
24.3614015,1400
24.38766207,1386
24.41392264,1219
24.44018321,1205
24.46644378,1225
24.49270435,1193
24.51896492,1155
24.54522549,1162
24.57148606,1177
24.59774663,1084
24.6240072,1192
24.65026777,1105
24.67652834,1119
24.70278891,1208
24.72904948,1198
24.75531005,1140
24.78157062,1159
24.80783119,1146
24.83409176,1171
24.86035233,1166
24.8866129,1156
24.91287347,1172
24.93913404,1110
24.96539461,1135
24.99165518,1224
25.01791575,1168
25.04417632,1172
25.07043689,1171
25.09669746,1170
25.12295803,1181
25.1492186,1126
25.17547917,1161
25.20173974,1165
25.22800031,1261
25.25426088,1200
25.28052145,1172
25.30678202,1171
25.33304259,1120
25.35930316,1178
25.38556373,1150
25.4118243,1166
25.43808487,1149
25.46434544,1195
25.49060601,1182
25.51686658,1189
25.54312715,1154
25.56938772,1098
25.59564829,1181
25.62190886,1149
25.64816943,1151
25.67443,1154
25.70069057,1177
25.72695114,1086
25.75321171,1136
25.77947228,1138
25.80573285,1171
25.83199342,1178
25.85825399,1128
25.88451456,1096
25.91077513,1150
25.9370357,1180
25.96329627,1098
25.98955684,1194
26.01581741,1139
26.04207798,1093
26.06833855,1129
26.09459912,1083
26.12085969,1123
26.14712026,1172
26.17338083,1177
26.1996414,1192
26.22590197,1168
26.25216254,1116
26.27842311,1131
26.30468368,1177
26.33094425,1124
26.35720482,1134
26.38346539,1134
26.40972596,1134
26.43598653,1131
26.4622471,1183
26.48850767,1091
26.51476824,1111
26.54102881,1186
26.56728938,1159
26.59354995,1113
26.61981052,1137
26.64607109,1161
26.67233166,1101
26.69859223,1127
26.7248528,1150
26.75111337,1123
26.77737394,1114
26.80363451,1156
26.82989508,1093
26.85615565,1159
26.88241622,1141
26.90867679,1142
26.93493736,1143
26.96119793,1159
26.9874585,1023
27.01371907,1074
27.03997964,1095
27.06624021,1189
27.09250078,1061
27.11876135,1097
27.14502192,1060
27.17128249,1111
27.19754306,1144
27.22380363,1157
27.2500642,1132
27.27632477,1146
27.30258534,1130
27.32884591,1123
27.35510648,1118
27.38136705,1063
27.40762762,1207
27.43388819,1164
27.46014876,1116
27.48640933,1082
27.5126699,1140
27.53893047,1118
27.56519104,1062
27.59145161,1133
27.61771218,1113
27.64397275,1112
27.67023332,1069
27.69649389,1126
27.72275446,1108
27.74901503,1131
27.7752756,1096
27.80153617,1117
27.82779674,1125
27.85405731,1128
27.88031788,1160
27.90657845,1217
27.93283902,1181
27.95909959,1166
27.98536016,1251
28.01162073,1345
28.0378813,1333
28.06414187,1422
28.09040244,1521
28.11666301,1471
28.14292358,1432
28.16918415,1391
28.19544472,1358
28.22170529,1214
28.24796586,1133
28.27422643,1156
28.300487,1150
28.32674757,1136
28.35300814,1097
28.37926871,1090
28.40552928,1066
28.43178985,1081
28.45805042,1073
28.48431099,1094
28.51057156,1115
28.53683213,1121
28.5630927,1111
28.58935327,1148
28.61561384,1101
28.64187441,1071
28.66813498,1110
28.69439555,1109
28.72065612,1114
28.74691669,1144
28.77317726,1042
28.79943783,1114
28.8256984,1083
28.85195897,1071
28.87821954,1086
28.90448011,1128
28.93074068,1080
28.95700125,1105
28.98326182,1115
29.00952239,1093
29.03578296,1054
29.06204353,1024
29.0883041,1044
29.11456467,1049
29.14082524,1090
29.16708581,1068
29.19334638,1091
29.21960695,1065
29.24586752,1194
29.27212809,1082
29.29838866,1071
29.32464923,1066
29.3509098,1080
29.37717037,1079
29.40343094,1093
29.42969151,1020
29.45595208,1074
29.48221265,1022
29.50847322,1077
29.53473379,1100
29.56099436,1055
29.58725493,1036
29.6135155,1038
29.63977607,1116
29.66603664,1059
29.69229721,1043
29.71855778,1092
29.74481835,1045
29.77107892,1052
29.79733949,1070
29.82360006,1151
29.84986063,1129
29.8761212,1115
29.90238177,1066
29.92864234,1036
29.95490291,997
29.98116348,1045
30.00742405,1062
30.03368462,1187
30.05994519,1097
30.08620576,1056
30.11246633,1056
30.1387269,1059
30.16498747,1011
30.19124804,1041
30.21750861,1037
30.24376918,1075
30.27002975,1079
30.29629032,1046
30.32255089,1149
30.34881146,1135
30.37507203,1140
30.4013326,1221
30.42759317,1224
30.45385374,1330
30.48011431,1395
30.50637488,1365
30.53263545,1324
30.55889602,1287
30.58515659,1216
30.61141716,1229
30.63767773,1151
30.6639383,1114
30.69019887,1145
30.71645944,1240
30.74272001,1196
30.76898058,1271
30.79524115,1318
30.82150172,1425
30.84776229,1510
30.87402286,1515
30.90028343,1420
30.926544,1400
30.95280457,1275
30.97906514,1236
31.00532571,1155
31.03158628,1110
31.05784685,1229
31.08410742,1166
31.11036799,1187
31.13662856,1139
31.16288913,1204
31.1891497,1166
31.21541027,1153
31.24167084,1128
31.26793141,1080
31.29419198,1056
31.32045255,1019
31.34671312,1046
31.37297369,960
31.39923426,1051
31.42549483,1064
31.4517554,1051
31.47801597,1151
31.50427654,1105
31.53053711,1016
31.55679768,1039
31.58305825,1043
31.60931882,1048
31.63557939,1117
31.66183996,1048
31.68810053,1033
31.7143611,1017
31.74062167,1090
31.76688224,985
31.79314281,1071
31.81940338,1074
31.84566395,1056
31.87192452,985
31.89818509,1062
31.92444566,1116
31.95070623,1055
31.9769668,1036
32.00322737,1083
32.02948794,1057
32.05574851,1028
32.08200908,1115
32.10826965,1047
32.13453022,1088
32.16079079,1089
32.18705136,1044
32.21331193,1100
32.2395725,1096
32.26583307,1119
32.29209364,1170
32.31835421,1185
32.34461478,1213
32.37087535,1289
32.39713592,1390
32.42339649,1511
32.44965706,1659
32.47591763,1941
32.5021782,2024
32.52843877,1960
32.55469934,1830
32.58095991,1749
32.60722048,1517
32.63348105,1430
32.65974162,1237
32.68600219,1170
32.71226276,1085
32.73852333,1145
32.7647839,1071
32.79104447,1104
32.81730504,1086
32.84356561,1113
32.86982618,1041
32.89608675,1033
32.92234732,1073
32.94860789,1087
32.97486846,1127
33.00112903,1106
33.0273896,1131
33.05365017,1155
33.07991074,1121
33.10617131,1297
33.13243188,1313
33.15869245,1426
33.18495302,1652
33.21121359,1999
33.23747416,2503
33.26373473,3000
33.2899953,3282
33.31625587,3048
33.34251644,2570
33.36877701,2408
33.39503758,2043
33.42129815,1644
33.44755872,1311
33.47381929,1338
33.50007986,1271
33.52634043,1294
33.552601,1265
33.57886157,1211
33.60512214,1174
33.63138271,1175
33.65764328,1097
33.68390385,1077
33.71016442,1076
33.73642499,1000
33.76268556,995
33.78894613,974
33.8152067,975
33.84146727,1001
33.86772784,1054
33.89398841,1029
33.92024898,994
33.94650955,1025
33.97277012,1057
33.99903069,1012
34.02529126,1030
34.05155183,982
34.0778124,1038
34.10407297,1017
34.13033354,1072
34.15659411,1126
34.18285468,1112
34.20911525,1248
34.23537582,1274
34.26163639,1327
34.28789696,1574
34.31415753,1704
34.3404181,1694
34.36667867,1590
34.39293924,1506
34.41919981,1423
34.44546038,1378
34.47172095,1207
34.49798152,1137
34.52424209,1079
34.55050266,1093
34.57676323,1039
34.6030238,1096
34.62928437,1008
34.65554494,1085
34.68180551,1061
34.70806608,1058
34.73432665,1003
34.76058722,1056
34.78684779,1025
34.81310836,1053
34.83936893,965
34.8656295,1023
34.89189007,1015
34.91815064,1058
34.94441121,1032
34.97067178,1089
34.99693235,1039
35.02319292,1025
35.04945349,965
35.07571406,962
35.10197463,990
35.1282352,1054
35.15449577,1048
35.18075634,958
35.20701691,1029
35.23327748,980
35.25953805,1009
35.28579862,1059
35.31205919,1078
35.33831976,1096
35.36458033,1187
35.3908409,1252
35.41710147,1158
35.44336204,1135
35.46962261,1188
35.49588318,1164
35.52214375,1171
35.54840432,1231
35.57466489,1295
35.60092546,1336
35.62718603,1368
35.6534466,1470
35.67970717,1772
35.70596774,2086
35.73222831,2430
35.75848888,2594
35.78474945,2522
35.81101002,2123
35.83727059,1985
35.86353116,1860
35.88979173,1734
35.9160523,1479
35.94231287,1274
35.96857344,1210
35.99483401,1177
36.02109458,1146
36.04735515,1172
36.07361572,1056
36.09987629,1051
36.12613686,1100
36.15239743,1093
36.178658,1053
36.20491857,1032
36.23117914,1040
36.25743971,1068
36.28370028,995
36.30996085,1001
36.33622142,1063
36.36248199,1008
36.38874256,985
36.41500313,1054
36.4412637,986
36.46752427,1008
36.49378484,1016
36.52004541,994
36.54630598,1045
36.57256655,1001
36.59882712,1012
36.62508769,1041
36.65134826,1022
36.67760883,1086
36.7038694,1031
36.73012997,991
36.75639054,951
36.78265111,1023
36.80891168,997
36.83517225,991
36.86143282,1030
36.88769339,982
36.91395396,1013
36.94021453,1074
36.9664751,1055
36.99273567,1018
37.01899624,1043
37.04525681,1006
37.07151738,1034
37.09777795,1091
37.12403852,1123
37.15029909,996
37.17655966,1104
37.20282023,1148
37.2290808,1136
37.25534137,1253
37.28160194,1293
37.30786251,1263
37.33412308,1293
37.36038365,1134
37.38664422,1183
37.41290479,1094
37.43916536,1009
37.46542593,997
37.4916865,1011
37.51794707,1009
37.54420764,1017
37.57046821,945
37.59672878,1027
37.62298935,999
37.64924992,1004
37.67551049,1067
37.70177106,1024
37.72803163,1007
37.7542922,1073
37.78055277,1068
37.80681334,990
37.83307391,1017
37.85933448,1029
37.88559505,1057
37.91185562,1005
37.93811619,1046
37.96437676,993
37.99063733,1020
38.0168979,1030
38.04315847,1049
38.06941904,1084
38.09567961,1086
38.12194018,1065
38.14820075,1144
38.17446132,1069
38.20072189,1010
38.22698246,1027
38.25324303,1019
38.2795036,1008
38.30576417,985
38.33202474,1037
38.35828531,1032
38.38454588,1029
38.41080645,995
38.43706702,1010
38.46332759,999
38.48958816,1024
38.51584873,1034
38.5421093,995
38.56836987,1062
38.59463044,964
38.62089101,1078
38.64715158,1114
38.67341215,1112
38.69967272,1029
38.72593329,1122
38.75219386,1071
38.77845443,1055
38.804715,1081
38.83097557,993
38.85723614,982
38.88349671,1041
38.90975728,1017
38.93601785,1030
38.96227842,989
38.98853899,1026
39.01479956,1048
39.04106013,1028
39.0673207,1002
39.09358127,1024
39.11984184,1006
39.14610241,1017
39.17236298,1108
39.19862355,1003
39.22488412,1076
39.25114469,1027
39.27740526,1059
39.30366583,1076
39.3299264,1037
39.35618697,1008
39.38244754,1067
39.40870811,1098
39.43496868,1072
39.46122925,1062
39.48748982,1066
39.51375039,990
39.54001096,991
39.56627153,1092
39.5925321,1032
39.61879267,1019
39.64505324,1029
39.67131381,951
39.69757438,1045
39.72383495,999
39.75009552,1023
39.77635609,1064
39.80261666,1017
39.82887723,989
39.8551378,962
39.88139837,1064
39.90765894,1020
39.93391951,990
39.96018008,1090
39.98644065,1041
40.01270122,1073
40.03896179,1048
40.06522236,1089
40.09148293,1107
40.1177435,1060
40.14400407,1145
40.17026464,1146
40.19652521,1103
40.22278578,1065
40.24904635,1082
40.27530692,1094
40.30156749,1048
40.32782806,1089
40.35408863,1023
40.3803492,998
40.40660977,1053
40.43287034,1087
40.45913091,1147
40.48539148,1179
40.51165205,1103
40.53791262,1259
40.56417319,1295
40.59043376,1161
40.61669433,1208
40.6429549,1115
40.66921547,1180
40.69547604,1146
40.72173661,1123
40.74799718,1123
40.77425775,1095
40.80051832,1115
40.82677889,1156
40.85303946,1110
40.87930003,1205
40.9055606,1259
40.93182117,1321
40.95808174,1405
40.98434231,1563
41.01060288,1603
41.03686345,1373
41.06312402,1339
41.08938459,1280
41.11564516,1264
41.14190573,1248
41.1681663,1132
41.19442687,1110
41.22068744,1065
41.24694801,1069
41.27320858,1056
41.29946915,1017
41.32572972,1065
41.35199029,1040
41.37825086,1002
41.40451143,1057
41.430772,996
41.45703257,1004
41.48329314,1032
41.50955371,976
41.53581428,1020
41.56207485,1061
41.58833542,1007
41.61459599,1032
41.64085656,1013
41.66711713,1043
41.6933777,1032
41.71963827,980
41.74589884,1015
41.77215941,1067
41.79841998,994
41.82468055,1022
41.85094112,990
41.87720169,948
41.90346226,1040
41.92972283,982
41.9559834,1004
41.98224397,1039
42.00850454,1072
42.03476511,1013
42.06102568,1058
42.08728625,949
42.11354682,944
42.13980739,974
42.16606796,1014
42.19232853,951
42.2185891,976
42.24484967,983
42.27111024,997
42.29737081,1068
42.32363138,991
42.34989195,964
42.37615252,1012
42.40241309,1018
42.42867366,992
42.45493423,1027
42.4811948,1049
42.50745537,1070
42.53371594,1017
42.55997651,982
42.58623708,1052
42.61249765,1065
42.63875822,1032
42.66501879,1159
42.69127936,1116
42.71753993,1085
42.7438005,1119
42.77006107,1121
42.79632164,1061
42.82258221,1076
42.84884278,1090
42.87510335,1011
42.90136392,946
42.92762449,1034
42.95388506,995
42.98014563,995
43.0064062,1022
43.03266677,956
43.05892734,982
43.08518791,1043
43.11144848,976
43.13770905,970
43.16396962,976
43.19023019,1011
43.21649076,971
43.24275133,1057
43.2690119,1001
43.29527247,1002
43.32153304,952
43.34779361,961
43.37405418,1012
43.40031475,1012
43.42657532,985
43.45283589,987
43.47909646,992
43.50535703,964
43.5316176,967
43.55787817,1003
43.58413874,1048
43.61039931,1023
43.63665988,1015
43.66292045,999
43.68918102,971
43.71544159,997
43.74170216,1018
43.76796273,954
43.7942233,1036
43.82048387,1051
43.84674444,1031
43.87300501,1018
43.89926558,1084
43.92552615,1042
43.95178672,1023
43.97804729,1070
44.00430786,1014
44.03056843,1037
44.056829,1039
44.08308957,1034
44.10935014,1006
44.13561071,1003
44.16187128,935
44.18813185,941
44.21439242,984
44.24065299,976
44.26691356,1000
44.29317413,971
44.3194347,1043
44.34569527,965
44.37195584,1005
44.39821641,1046
44.42447698,984
44.45073755,1016
44.47699812,1030
44.50325869,1007
44.52951926,959
44.55577983,968
44.5820404,993
44.60830097,976
44.63456154,1035
44.66082211,967
44.68708268,978
44.71334325,950
44.73960382,955
44.76586439,992
44.79212496,943
44.81838553,1037
44.8446461,950
44.87090667,995
44.89716724,1002
44.92342781,964
44.94968838,996
44.97594895,988
45.00220952,945
45.02847009,986
45.05473066,1001
45.08099123,1027
45.1072518,1024
45.13351237,1010
45.15977294,981
45.18603351,1018
45.21229408,997
45.23855465,1028
45.26481522,916
45.29107579,1017
45.31733636,931
45.34359693,933
45.3698575,1017
45.39611807,903
45.42237864,936
45.44863921,991
45.47489978,990
45.50116035,975
45.52742092,984
45.55368149,973
45.57994206,984
45.60620263,950
45.6324632,914
45.65872377,935
45.68498434,1004
45.71124491,1023
45.73750548,950
45.76376605,999
45.79002662,977
45.81628719,985
45.84254776,990
45.86880833,1011
45.8950689,1005
45.92132947,1011
45.94759004,955
45.97385061,1017
46.00011118,962
46.02637175,949
46.05263232,970
46.07889289,984
46.10515346,996
46.13141403,1052
46.1576746,1045
46.18393517,1045
46.21019574,1064
46.23645631,1044
46.26271688,998
46.28897745,1071
46.31523802,1039
46.34149859,1074
46.36775916,1018
46.39401973,1037
46.4202803,1080
46.44654087,1045
46.47280144,1034
46.49906201,1022
46.52532258,964
46.55158315,1090
46.57784372,1093
46.60410429,1194
46.63036486,1182
46.65662543,1142
46.682886,1133
46.70914657,1109
46.73540714,1094
46.76166771,1089
46.78792828,1044
46.81418885,1041
46.84044942,1018
46.86670999,1088
46.89297056,1029
46.91923113,1020
46.9454917,1019
46.97175227,1012
46.99801284,1062
47.02427341,1027
47.05053398,1003
47.07679455,1081
47.10305512,958
47.12931569,1057
47.15557626,1007
47.18183683,993
47.2080974,1030
47.23435797,1053
47.26061854,937
47.28687911,1066
47.31313968,979
47.33940025,961
47.36566082,978
47.39192139,933
47.41818196,1024
47.44444253,1015
47.4707031,1012
47.49696367,983
47.52322424,1013
47.54948481,945
47.57574538,1000
47.60200595,965
47.62826652,998
47.65452709,986
47.68078766,991
47.70704823,1035
47.7333088,921
47.75956937,989
47.78582994,951
47.81209051,1002
47.83835108,974
47.86461165,977
47.89087222,949
47.91713279,966
47.94339336,973
47.96965393,1023
47.9959145,1000
48.02217507,970
48.04843564,1047
48.07469621,996
48.10095678,1018
48.12721735,987
48.15347792,1020
48.17973849,1046
48.20599906,959
48.23225963,1053
48.2585202,998
48.28478077,955
48.31104134,982
48.33730191,988
48.36356248,967
48.38982305,989
48.41608362,1034
48.44234419,992
48.46860476,992
48.49486533,1020
48.5211259,933
48.54738647,1020
48.57364704,1004
48.59990761,1017
48.62616818,928
48.65242875,1007
48.67868932,1013
48.70494989,1031
48.73121046,993
48.75747103,950
48.7837316,994
48.80999217,940
48.83625274,996
48.86251331,1001
48.88877388,944
48.91503445,994
48.94129502,1002
48.96755559,1025
48.99381616,976
49.02007673,991
49.0463373,1001
49.07259787,1017
49.09885844,1007
49.12511901,1027
49.15137958,1014
49.17764015,1046
49.20390072,939
49.23016129,1067
49.25642186,996
49.28268243,1056
49.308943,1053
49.33520357,1045
49.36146414,1114
49.38772471,1155
49.41398528,1134
49.44024585,1279
49.46650642,1218
49.49276699,1450
49.51902756,1542
49.54528813,1618
49.5715487,1826
49.59780927,1844
49.62406984,1773
49.65033041,1658
49.67659098,1550
49.70285155,1536
49.72911212,1490
49.75537269,1488
49.78163326,1353
49.80789383,1259
49.8341544,1154
49.86041497,1131
49.88667554,1106
49.91293611,1152
49.93919668,1053
49.96545725,1110
49.99171782,1026
50.01797839,1006
50.04423896,1059
50.07049953,1101
50.0967601,1009
50.12302067,991
50.14928124,985
50.17554181,1043
50.20180238,1071
50.22806295,982
50.25432352,1051
50.28058409,900
50.30684466,992
50.33310523,971
50.3593658,1002
50.38562637,944
50.41188694,962
50.43814751,1042
50.46440808,1011
50.49066865,985
50.51692922,1041
50.54318979,979
50.56945036,995
50.59571093,1047
50.6219715,1043
50.64823207,1027
50.67449264,1032
50.70075321,969
50.72701378,1034
50.75327435,1000
50.77953492,1000
50.80579549,1036
50.83205606,1009
50.85831663,1024
50.8845772,1052
50.91083777,978
50.93709834,1018
50.96335891,935
50.98961948,1024
51.01588005,1034
51.04214062,1065
51.06840119,1046
51.09466176,1057
51.12092233,988
51.1471829,1031
51.17344347,1032
51.19970404,994
51.22596461,1048
51.25222518,967
51.27848575,1020
51.30474632,1038
51.33100689,1034
51.35726746,1020
51.38352803,1037
51.4097886,1038
51.43604917,999
51.46230974,970
51.48857031,969
51.51483088,1019
51.54109145,1026
51.56735202,1037
51.59361259,1000
51.61987316,1032
51.64613373,1035
51.6723943,1037
51.69865487,995
51.72491544,1049
51.75117601,1035
51.77743658,1090
51.80369715,1025
51.82995772,1063
51.85621829,1051
51.88247886,1061
51.90873943,979
51.935,1001
51.96126057,1040
51.98752114,950
52.01378171,1014
52.04004228,1032
52.06630285,967
52.09256342,997
52.11882399,1081
52.14508456,1021
52.17134513,1022
52.1976057,984
52.22386627,924
52.25012684,992
52.27638741,1010
52.30264798,1118
52.32890855,1059
52.35516912,1061
52.38142969,987
52.40769026,1012
52.43395083,993
52.4602114,1003
52.48647197,1025
52.51273254,1000
52.53899311,1009
52.56525368,1027
52.59151425,1042
52.61777482,1051
52.64403539,1050
52.67029596,976
52.69655653,1045
52.7228171,1032
52.74907767,950
52.77533824,979
52.80159881,1009
52.82785938,968
52.85411995,960
52.88038052,1023
52.90664109,1025
52.93290166,1006
52.95916223,970
52.9854228,1037
53.01168337,1003
53.03794394,1056
53.06420451,1034
53.09046508,1051
53.11672565,1060
53.14298622,1039
53.16924679,1020
53.19550736,1034
53.22176793,991
53.2480285,983
53.27428907,1030
53.30054964,1021
53.32681021,1069
53.35307078,995
53.37933135,1043
53.40559192,1014
53.43185249,1032
53.45811306,1023
53.48437363,1049
53.5106342,1020
53.53689477,1048
53.56315534,974
53.58941591,1008
53.61567648,1052
53.64193705,1013
53.66819762,1042
53.69445819,1122
53.72071876,1013
53.74697933,1022
53.7732399,1104
53.79950047,1068
53.82576104,1069
53.85202161,1091
53.87828218,1090
53.90454275,1093
53.93080332,1108
53.95706389,1109
53.98332446,1060
54.00958503,1154
54.0358456,1255
54.06210617,1257
54.08836674,1365
54.11462731,1454
54.14088788,1713
54.16714845,1972
54.19340902,2040
54.21966959,2007
54.24593016,1789
54.27219073,1579
54.2984513,1564
54.32471187,1614
54.35097244,1515
54.37723301,1406
54.40349358,1321
54.42975415,1164
54.45601472,1096
54.48227529,1089
54.50853586,1073
54.53479643,1061
54.561057,1037
54.58731757,1015
54.61357814,1002
54.63983871,1012
54.66609928,991
54.69235985,984
54.71862042,1009
54.74488099,1048
54.77114156,1007
54.79740213,1068
54.8236627,1000
54.84992327,994
54.87618384,1040
54.90244441,1028
54.92870498,981
54.95496555,990
54.98122612,916
55.00748669,1034
55.03374726,902
55.06000783,1007
55.0862684,1056
55.11252897,1059
55.13878954,978
55.16505011,1041
55.19131068,1011
55.21757125,1059
55.24383182,1068
55.27009239,1101
55.29635296,1086
55.32261353,1257
55.3488741,1257
55.37513467,1177
55.40139524,1128
55.42765581,1097
55.45391638,1074
55.48017695,1190
55.50643752,1117
55.53269809,1085
55.55895866,1031
55.58521923,1029
55.6114798,1073
55.63774037,1045
55.66400094,1000
55.69026151,1049
55.71652208,1002
55.74278265,970
55.76904322,955
55.79530379,1021
55.82156436,981
55.84782493,920
55.8740855,965
55.90034607,1004
55.92660664,1006
55.95286721,1030
55.97912778,1017
56.00538835,968
56.03164892,986
56.05790949,1001
56.08417006,1058
56.11043063,1004
56.1366912,1001
56.16295177,1014
56.18921234,959
56.21547291,998
56.24173348,1029
56.26799405,965
56.29425462,1050
56.32051519,1004
56.34677576,1018
56.37303633,938
56.3992969,986
56.42555747,1003
56.45181804,1038
56.47807861,1043
56.50433918,1019
56.53059975,1089
56.55686032,1130
56.58312089,1128
56.60938146,1077
56.63564203,1052
56.6619026,1078
56.68816317,1128
56.71442374,1124
56.74068431,1026
56.76694488,1021
56.79320545,1081
56.81946602,1008
56.84572659,1049
56.87198716,1015
56.89824773,1084
56.9245083,1070
56.95076887,1235
56.97702944,1271
57.00329001,1319
57.02955058,1217
57.05581115,1158
57.08207172,1034
57.10833229,1084
57.13459286,1125
57.16085343,1175
57.187114,1092
57.21337457,1079
57.23963514,977
57.26589571,964
57.29215628,1010
57.31841685,1008
57.34467742,1027
57.37093799,1029
57.39719856,1009
57.42345913,952
57.4497197,1019
57.47598027,1003
57.50224084,1023
57.52850141,1057
57.55476198,1064
57.58102255,1123
57.60728312,1093
57.63354369,1061
57.65980426,1205
57.68606483,1189
57.7123254,1201
57.73858597,1210
57.76484654,1137
57.79110711,1088
57.81736768,1132
57.84362825,1145
57.86988882,1102
57.89614939,1176
57.92240996,1178
57.94867053,1112
57.9749311,1086
58.00119167,1111
58.02745224,1067
58.05371281,1066
58.07997338,990
58.10623395,1135
58.13249452,992
58.15875509,1026
58.18501566,1016
58.21127623,997
58.2375368,973
58.26379737,948
58.29005794,971
58.31631851,1028
58.34257908,969
58.36883965,1031
58.39510022,962
58.42136079,947
58.44762136,998
58.47388193,973
58.5001425,958
58.52640307,959
58.55266364,1000
58.57892421,972
58.60518478,1016
58.63144535,1027
58.65770592,965
58.68396649,963
58.71022706,951
58.73648763,963
58.7627482,937
58.78900877,902
58.81526934,957
58.84152991,940
58.86779048,931
58.89405105,960
58.92031162,996
58.94657219,959
58.97283276,983
58.99909333,961
59.0253539,927
59.05161447,1000
59.07787504,952
59.10413561,986
59.13039618,1014
59.15665675,1016
59.18291732,910
59.20917789,987
59.23543846,975
59.26169903,972
59.2879596,945
59.31422017,993
59.34048074,930
59.36674131,1009
59.39300188,934
59.41926245,955
59.44552302,991
59.47178359,943
59.49804416,1020
59.52430473,1008
59.5505653,999
59.57682587,1020
59.60308644,1008
59.62934701,997
59.65560758,1004
59.68186815,965
59.70812872,1009
59.73438929,998
59.76064986,1028
59.78691043,1060
59.813171,1043
59.83943157,1032
59.86569214,951
59.89195271,1005
59.91821328,983
59.94447385,994
59.97073442,1058
59.99699499,1047
60.02325556,959
60.04951613,979
60.0757767,973
60.10203727,914
60.12829784,938
60.15455841,1002
60.18081898,1018
60.20707955,947
60.23334012,1048
60.25960069,907
60.28586126,987
60.31212183,951
60.3383824,1013
60.36464297,974
60.39090354,1018
60.41716411,965
60.44342468,941
60.46968525,1004
60.49594582,956
60.52220639,1004
60.54846696,962
60.57472753,984
60.6009881,993
60.62724867,1019
60.65350924,979
60.67976981,955
60.70603038,952
60.73229095,972
60.75855152,1040
60.78481209,960
60.81107266,1028
60.83733323,939
60.8635938,935
60.88985437,979
60.91611494,974
60.94237551,963
60.96863608,1006
60.99489665,935
61.02115722,944
61.04741779,1060
61.07367836,942
61.09993893,958
61.1261995,953
61.15246007,976
61.17872064,915
61.20498121,947
61.23124178,911
61.25750235,954
61.28376292,967
61.31002349,965
61.33628406,963
61.36254463,901
61.3888052,1017
61.41506577,950
61.44132634,1008
61.46758691,966
61.49384748,1008
61.52010805,926
61.54636862,973
61.57262919,901
61.59888976,917
61.62515033,974
61.6514109,894
61.67767147,961
61.70393204,936
61.73019261,922
61.75645318,982
61.78271375,968
61.80897432,959
61.83523489,943
61.86149546,943
61.88775603,1033
61.9140166,928
61.94027717,941
61.96653774,921
61.99279831,925
62.01905888,999
62.04531945,974
62.07158002,979
62.09784059,945
62.12410116,943
62.15036173,998
62.1766223,1015
62.20288287,958
62.22914344,916
62.25540401,986
62.28166458,1024
62.30792515,1051
62.33418572,1020
62.36044629,1019
62.38670686,1117
62.41296743,1094
62.439228,1171
62.46548857,1204
62.49174914,1387
62.51800971,1407
62.54427028,1462
62.57053085,1466
62.59679142,1392
62.62305199,1321
62.64931256,1255
62.67557313,1267
62.7018337,1309
62.72809427,1218
62.75435484,1272
62.78061541,1220
62.80687598,1056
62.83313655,1081
62.85939712,968
62.88565769,1026
62.91191826,995
62.93817883,1025
62.9644394,1056
62.99069997,1028
63.01696054,988
63.04322111,977
63.06948168,998
63.09574225,1024
63.12200282,1060
63.14826339,946
63.17452396,1043
63.20078453,1082
63.2270451,1168
63.25330567,1187
63.27956624,1257
63.30582681,1242
63.33208738,1219
63.35834795,1115
63.38460852,1160
63.41086909,1094
63.43712966,1137
63.46339023,1133
63.4896508,1099
63.51591137,1112
63.54217194,1043
63.56843251,982
63.59469308,1019
63.62095365,993
63.64721422,995
63.67347479,984
63.69973536,1054
63.72599593,958
63.7522565,1027
63.77851707,1034
63.80477764,1021
63.83103821,1022
63.85729878,1073
63.88355935,1045
63.90981992,1092
63.93608049,1080
63.96234106,1121
63.98860163,1184
64.0148622,1193
64.04112277,1327
64.06738334,1411
64.09364391,1517
64.11990448,1554
64.14616505,1442
64.17242562,1354
64.19868619,1247
64.22494676,1273
64.25120733,1341
64.2774679,1317
64.30372847,1208
64.32998904,1208
64.35624961,1135
64.38251018,1156
64.40877075,1067
64.43503132,978
64.46129189,1011
64.48755246,972
64.51381303,1027
64.5400736,950
64.56633417,958
64.59259474,961
64.61885531,1002
64.64511588,972
64.67137645,997
64.69763702,942
64.72389759,942
64.75015816,927
64.77641873,1044
64.8026793,999
64.82893987,988
64.85520044,960
64.88146101,967
64.90772158,961
64.93398215,995
64.96024272,945
64.98650329,1007
65.01276386,981
65.03902443,987
65.065285,983
65.09154557,937
65.11780614,964
65.14406671,975
65.17032728,871
65.19658785,1008
65.22284842,945
65.24910899,949
65.27536956,1004
65.30163013,980
65.3278907,974
65.35415127,963
65.38041184,982
65.40667241,927
65.43293298,1001
65.45919355,975
65.48545412,978
65.51171469,1027
65.53797526,995
65.56423583,902
65.5904964,952
65.61675697,953
65.64301754,911
65.66927811,940
65.69553868,925
65.72179925,980
65.74805982,936
65.77432039,978
65.80058096,1011
65.82684153,981
65.8531021,975
65.87936267,970
65.90562324,962
65.93188381,1022
65.95814438,1029
65.98440495,963
66.01066552,973
66.03692609,1030
66.06318666,909
66.08944723,1039
66.1157078,898
66.14196837,1000
66.16822894,1001
66.19448951,953
66.22075008,1004
66.24701065,1012
66.27327122,1007
66.29953179,996
66.32579236,1007
66.35205293,1046
66.3783135,970
66.40457407,965
66.43083464,924
66.45709521,934
66.48335578,1017
66.50961635,1004
66.53587692,942
66.56213749,1023
66.58839806,976
66.61465863,1009
66.6409192,1003
66.66717977,978
66.69344034,985
66.71970091,1005
66.74596148,970
66.77222205,949
66.79848262,985
66.82474319,968
66.85100376,937
66.87726433,981
66.9035249,953
66.92978547,984
66.95604604,1021
66.98230661,1007
67.00856718,996
67.03482775,991
67.06108832,973
67.08734889,929
67.11360946,1004
67.13987003,1007
67.1661306,1023
67.19239117,993
67.21865174,995
67.24491231,1019
67.27117288,998
67.29743345,1000
67.32369402,992
67.34995459,941
67.37621516,997
67.40247573,992
67.4287363,1015
67.45499687,1012
67.48125744,979
67.50751801,987
67.53377858,1052
67.56003915,1012
67.58629972,1028
67.61256029,968
67.63882086,987
67.66508143,1045
67.691342,1008
67.71760257,1047
67.74386314,1086
67.77012371,982
67.79638428,1048
67.82264485,1056
67.84890542,1112
67.87516599,1125
67.90142656,1089
67.92768713,1078
67.9539477,1107
67.98020827,1105
68.00646884,1066
68.03272941,1023
68.05898998,1038
68.08525055,1076
68.11151112,985
68.13777169,1085
68.16403226,1050
68.19029283,1055
68.2165534,1003
68.24281397,992
68.26907454,976
68.29533511,977
68.32159568,1062
68.34785625,1035
68.37411682,1001
68.40037739,1009
68.42663796,1037
68.45289853,999
68.4791591,1030
68.50541967,1053
68.53168024,1065
68.55794081,1020
68.58420138,1032
68.61046195,1036
68.63672252,1034
68.66298309,1057
68.68924366,1024
68.71550423,1029
68.7417648,1054
68.76802537,1053
68.79428594,1019
68.82054651,1021
68.84680708,1071
68.87306765,1057
68.89932822,1048
68.92558879,1066
68.95184936,1021
68.97810993,1078
69.0043705,1051
69.03063107,984
69.05689164,1045
69.08315221,1041
69.10941278,1017
69.13567335,980
69.16193392,1059
69.18819449,1050
69.21445506,1053
69.24071563,993
69.2669762,1007
69.29323677,1038
69.31949734,958
69.34575791,993
69.37201848,1021
69.39827905,1040
69.42453962,1024
69.45080019,1025
69.47706076,993
69.50332133,1017
69.5295819,1066
69.55584247,1102
69.58210304,1040
69.60836361,1039
69.63462418,1003
69.66088475,1105
69.68714532,1073
69.71340589,1028
69.73966646,981
69.76592703,1047
69.7921876,1065
69.81844817,1059
69.84470874,1066
69.87096931,1062
69.89722988,1082
69.92349045,1016
69.94975102,1065
69.97601159,1046
70.00227216,1056
70.02853273,1014
70.0547933,1011
70.08105387,1092
70.10731444,1023
70.13357501,1117
70.15983558,1004
70.18609615,1033
70.21235672,1018
70.23861729,964
70.26487786,1041
70.29113843,1110
70.317399,1044
70.34365957,1084
70.36992014,1023
70.39618071,1043
70.42244128,1035
70.44870185,1010
70.47496242,1012
70.50122299,1031
70.52748356,1075
70.55374413,985
70.5800047,1037
70.60626527,1044
70.63252584,1041
70.65878641,996
70.68504698,935
70.71130755,944
70.73756812,1035
70.76382869,975
70.79008926,1037
70.81634983,969
70.8426104,1024
70.86887097,1015
70.89513154,966
70.92139211,1079
70.94765268,992
70.97391325,950
71.00017382,1077
71.02643439,1021
71.05269496,1037
71.07895553,1026
71.1052161,1022
71.13147667,1050
71.15773724,1001
71.18399781,1014
71.21025838,968
71.23651895,993
71.26277952,1036
71.28904009,996
71.31530066,974
71.34156123,1021
71.3678218,1058
71.39408237,1048
71.42034294,1017
71.44660351,989
71.47286408,995
71.49912465,1059
71.52538522,1013
71.55164579,1006
71.57790636,988
71.60416693,1035
71.6304275,1036
71.65668807,1032
71.68294864,1020
71.70920921,1015
71.73546978,950
71.76173035,1022
71.78799092,1063
71.81425149,1084
71.84051206,1029
71.86677263,1081
71.8930332,1073
71.91929377,1065
71.94555434,1028
71.97181491,1094
71.99807548,1159
72.02433605,1095
72.05059662,1147
72.07685719,1250
72.10311776,1137
72.12937833,1143
72.1556389,1189
72.18189947,1117
72.20816004,1156
72.23442061,1153
72.26068118,1123
72.28694175,1098
72.31320232,1145
72.33946289,1143
72.36572346,1011
72.39198403,1094
72.4182446,1108
72.44450517,1053
72.47076574,1113
72.49702631,1020
72.52328688,1061
72.54954745,1020
72.57580802,1113
72.60206859,1085
72.62832916,1126
72.65458973,1046
72.6808503,1072
72.70711087,1011
72.73337144,1076
72.75963201,1021
72.78589258,1097
72.81215315,1018
72.83841372,1067
72.86467429,1096
72.89093486,1056
72.91719543,1056
72.943456,1114
72.96971657,1085
72.99597714,1073
73.02223771,1061
73.04849828,1101
73.07475885,1064
73.10101942,1094
73.12727999,1074
73.15354056,1097
73.17980113,970
73.2060617,1032
73.23232227,987
73.25858284,1036
73.28484341,1078
73.31110398,1033
73.33736455,991
73.36362512,1021
73.38988569,1076
73.41614626,1073
73.44240683,1005
73.4686674,1018
73.49492797,998
73.52118854,984
73.54744911,1051
73.57370968,988
73.59997025,1044
73.62623082,1012
73.65249139,984
73.67875196,1019
73.70501253,1039
73.7312731,968
73.75753367,1031
73.78379424,984
73.81005481,1025
73.83631538,1025
73.86257595,1055
73.88883652,1044
73.91509709,991
73.94135766,1049
73.96761823,1049
73.9938788,1042
74.02013937,1027
74.04639994,991
74.07266051,1032
74.09892108,1041
74.12518165,1019
74.15144222,1048
74.17770279,964
74.20396336,1008
74.23022393,990
74.2564845,1061
74.28274507,1034
74.30900564,1053
74.33526621,938
74.36152678,1006
74.38778735,1049
74.41404792,992
74.44030849,995
74.46656906,978
74.49282963,1038
74.5190902,1020
74.54535077,1044
74.57161134,1046
74.59787191,1026
74.62413248,995
74.65039305,1078
74.67665362,1011
74.70291419,1050
74.72917476,1103
74.75543533,1023
74.7816959,961
74.80795647,1069
74.83421704,1084
74.86047761,1029
74.88673818,1018
74.91299875,1014
74.93925932,1020
74.96551989,989
74.99178046,1011
75.01804103,1035
75.0443016,1020
75.07056217,1000
75.09682274,1023
75.12308331,1042
75.14934388,1033
75.17560445,1034
75.20186502,1019
75.22812559,1011
75.25438616,1020
75.28064673,1046
75.3069073,1059
75.33316787,1069
75.35942844,1018
75.38568901,1077
75.41194958,1025
75.43821015,1073
75.46447072,1108
75.49073129,1129
75.51699186,1131
75.54325243,1130
75.569513,1135
75.59577357,1148
75.62203414,1111
75.64829471,1104
75.67455528,1063
75.70081585,1123
75.72707642,1067
75.75333699,1092
75.77959756,1068
75.80585813,1059
75.8321187,1051
75.85837927,1046
75.88463984,1052
75.91090041,998
75.93716098,1120
75.96342155,1047
75.98968212,1053
76.01594269,994
76.04220326,1006
76.06846383,966
76.0947244,1013
76.12098497,987
76.14724554,960
76.17350611,1007
76.19976668,1028
76.22602725,1069
76.25228782,1006
76.27854839,1008
76.30480896,1063
76.33106953,1028
76.3573301,991
76.38359067,1004
76.40985124,993
76.43611181,1026
76.46237238,1062
76.48863295,1073
76.51489352,1025
76.54115409,1001
76.56741466,1041
76.59367523,962
76.6199358,1013
76.64619637,1005
76.67245694,1003
76.69871751,1093
76.72497808,1004
76.75123865,992
76.77749922,1070
76.80375979,1026
76.83002036,982
76.85628093,1059
76.8825415,1057
76.90880207,1073
76.93506264,1061
76.96132321,1042
76.98758378,1075
77.01384435,1010
77.04010492,1033
77.06636549,1061
77.09262606,1087
77.11888663,1059
77.1451472,1087
77.17140777,1085
77.19766834,1044
77.22392891,1045
77.25018948,1080
77.27645005,1068
77.30271062,1080
77.32897119,1120
77.35523176,1120
77.38149233,1131
77.4077529,1070
77.43401347,1068
77.46027404,1046
77.48653461,1055
77.51279518,1069
77.53905575,1111
77.56531632,1096
77.59157689,1069
77.61783746,1127
77.64409803,1040
77.6703586,1010
77.69661917,1074
77.72287974,1062
77.74914031,1094
77.77540088,1083
77.80166145,1052
77.82792202,1099
77.85418259,1133
77.88044316,1102
77.90670373,1052
77.9329643,1076
77.95922487,1079
77.98548544,1064
78.01174601,1059
78.03800658,1096
78.06426715,1073
78.09052772,1114
78.11678829,1086
78.14304886,1035
78.16930943,1118
78.19557,1080
78.22183057,1043
78.24809114,1037
78.27435171,1057
78.30061228,1029
78.32687285,1052
78.35313342,1045
78.37939399,1055
78.40565456,1050
78.43191513,1044
78.4581757,1021
78.48443627,1043
78.51069684,1019
78.53695741,1059
78.56321798,1051
78.58947855,1046
78.61573912,995
78.64199969,1045
78.66826026,1060
78.69452083,1059
78.7207814,1111
78.74704197,1160
78.77330254,1028
78.79956311,1002
78.82582368,1046
78.85208425,1066
78.87834482,1002
78.90460539,1059
78.93086596,1028
78.95712653,1101
78.9833871,1003
79.00964767,1023
79.03590824,1105
79.06216881,1056
79.08842938,1082
79.11468995,1073
79.14095052,1090
79.16721109,1059
79.19347166,1011
79.21973223,1038
79.2459928,1072
79.27225337,1063
79.29851394,1076
79.32477451,1066
79.35103508,995
79.37729565,1076
79.40355622,1083
79.42981679,1047
79.45607736,1069
79.48233793,1060
79.5085985,1072
79.53485907,1084
79.56111964,1002
79.58738021,1058
79.61364078,1082
79.63990135,1038
79.66616192,1078
79.69242249,1074
79.71868306,1073
79.74494363,1084
79.7712042,1061
79.79746477,1082
79.82372534,1067
79.84998591,1065
79.87624648,1047
79.90250705,1075
79.92876762,1065
79.95502819,1042
79.98128876,1071
80.00754933,1054
80.0338099,1025
80.06007047,1053
80.08633104,1072
80.11259161,1057
80.13885218,1049
80.16511275,1024
80.19137332,1051
80.21763389,1069
80.24389446,1042
80.27015503,1060
80.2964156,1088
80.32267617,1053
80.34893674,1032
80.37519731,1045
80.40145788,1087
80.42771845,1100
80.45397902,1015
80.48023959,1072
80.50650016,1060
80.53276073,1076
80.5590213,1038
80.58528187,1056
80.61154244,1157
80.63780301,1041
80.66406358,1053
80.69032415,1103
80.71658472,1082
80.74284529,1161
80.76910586,1089
80.79536643,1123
80.821627,1133
80.84788757,1102
80.87414814,1118
80.90040871,1067
80.92666928,1046
80.95292985,1050
80.97919042,1056
81.00545099,1070
81.03171156,1079
81.05797213,1019
81.0842327,1058
81.11049327,1097
81.13675384,1039
81.16301441,1054
81.18927498,1086
81.21553555,1055
81.24179612,994
81.26805669,1054
81.29431726,1048
81.32057783,1014
81.3468384,999
81.37309897,1007
81.39935954,1018
81.42562011,1052
81.45188068,1029
81.47814125,1080
81.50440182,1064
81.53066239,1027
81.55692296,1054
81.58318353,1032
81.6094441,1014
81.63570467,1026
81.66196524,994
81.68822581,978
81.71448638,939
81.74074695,1015
81.76700752,1029
81.79326809,1038
81.81952866,1030
81.84578923,1024
81.8720498,1013
81.89831037,1028
81.92457094,996
81.95083151,1021
81.97709208,1042
82.00335265,1047
82.02961322,1000
82.05587379,1002
82.08213436,1018
82.10839493,1037
82.1346555,1052
82.16091607,1070
82.18717664,1047
82.21343721,1061
82.23969778,1041
82.26595835,997
82.29221892,1027
82.31847949,1046
82.34474006,1039
82.37100063,1018
82.3972612,1010
82.42352177,1002
82.44978234,1034
82.47604291,1018
82.50230348,1043
82.52856405,986
82.55482462,1083
82.58108519,1050
82.60734576,996
82.63360633,996
82.6598669,1047
82.68612747,1028
82.71238804,1015
82.73864861,936
82.76490918,1062
82.79116975,1072
82.81743032,1021
82.84369089,1023
82.86995146,1042
82.89621203,1100
82.9224726,1098
82.94873317,1060
82.97499374,1090
83.00125431,1051
83.02751488,1039
83.05377545,1111
83.08003602,1139
83.10629659,1117
83.13255716,1089
83.15881773,1101
83.1850783,1035
83.21133887,1107
83.23759944,1071
83.26386001,1050
83.29012058,1044
83.31638115,1065
83.34264172,1114
83.36890229,1056
83.39516286,1048
83.42142343,1029
83.447684,999
83.47394457,1027
83.50020514,1040
83.52646571,1001
83.55272628,1010
83.57898685,1074
83.60524742,1012
83.63150799,943
83.65776856,1063
83.68402913,1024
83.7102897,1017
83.73655027,985
83.76281084,1042
83.78907141,1030
83.81533198,1050
83.84159255,1032
83.86785312,1034
83.89411369,1069
83.92037426,1040
83.94663483,1095
83.9728954,999
83.99915597,1028
84.02541654,1009
84.05167711,1048
84.07793768,970
84.10419825,1120
84.13045882,1036
84.15671939,1040
84.18297996,1016
84.20924053,1055
84.2355011,1037
84.26176167,1084
84.28802224,1024
84.31428281,1047
84.34054338,1056
84.36680395,1095
84.39306452,1017
84.41932509,1062
84.44558566,1044
84.47184623,1013
84.4981068,1044
84.52436737,994
84.55062794,1042
84.57688851,1111
84.60314908,1077
84.62940965,1045
84.65567022,1049
84.68193079,1080
84.70819136,1041
84.73445193,1068
84.7607125,1069
84.78697307,1093
84.81323364,1092
84.83949421,1119
84.86575478,1141
84.89201535,1165
84.91827592,1094
84.94453649,1144
84.97079706,1144
84.99705763,1206
85.0233182,1145
85.04957877,1161
85.07583934,1156
85.10209991,1147
85.12836048,1102
85.15462105,1194
85.18088162,1097
85.20714219,1085
85.23340276,1117
85.25966333,1173
85.2859239,1119
85.31218447,1041
85.33844504,1105
85.36470561,1143
85.39096618,1003
85.41722675,1077
85.44348732,1076
85.46974789,1044
85.49600846,1065
85.52226903,1039
85.5485296,1079
85.57479017,1093
85.60105074,1026
85.62731131,1076
85.65357188,1066
85.67983245,1080
85.70609302,1034
85.73235359,1078
85.75861416,1046
85.78487473,1038
85.8111353,996
85.83739587,1070
85.86365644,1069
85.88991701,1085
85.91617758,1072
85.94243815,1103
85.96869872,1040
85.99495929,1054
86.02121986,1059
86.04748043,1076
86.073741,1083
86.10000157,1078
86.12626214,990
86.15252271,1063
86.17878328,1055
86.20504385,1058
86.23130442,1045
86.25756499,995
86.28382556,1075
86.31008613,1083
86.3363467,1084
86.36260727,1116
86.38886784,1068
86.41512841,1052
86.44138898,1085
86.46764955,1158
86.49391012,1101
86.52017069,1065
86.54643126,1116
86.57269183,1091
86.5989524,1061
86.62521297,1110
86.65147354,1115
86.67773411,987
86.70399468,1051
86.73025525,1024
86.75651582,1067
86.78277639,971
86.80903696,1078
86.83529753,1040
86.8615581,1044
86.88781867,1054
86.91407924,1085
86.94033981,1078
86.96660038,1004
86.99286095,1046
87.01912152,1040
87.04538209,1011
87.07164266,1082
87.09790323,1027
87.1241638,1075
87.15042437,1038
87.17668494,1050
87.20294551,1023
87.22920608,1045
87.25546665,1030
87.28172722,1054
87.30798779,1085
87.33424836,1059
87.36050893,1030
87.3867695,1049
87.41303007,1046
87.43929064,1095
87.46555121,1065
87.49181178,1005
87.51807235,1063
87.54433292,1066
87.57059349,1052
87.59685406,1115
87.62311463,1031
87.6493752,950
87.67563577,1092
87.70189634,1051
87.72815691,1034
87.75441748,1081
87.78067805,1041
87.80693862,1056
87.83319919,1065
87.85945976,1056
87.88572033,1037
87.9119809,1068
87.93824147,1027
87.96450204,1076
87.99076261,1086
88.01702318,1031
88.04328375,1117
88.06954432,1026
88.09580489,1024
88.12206546,1056
88.14832603,1108
88.1745866,1051
88.20084717,1000
88.22710774,1043
88.25336831,1047
88.27962888,1021
88.30588945,1126
88.33215002,1085
88.35841059,1067
88.38467116,1023
88.41093173,1092
88.4371923,1050
88.46345287,1043
88.48971344,1064
88.51597401,1032
88.54223458,1122
88.56849515,1133
88.59475572,1128
88.62101629,1169
88.64727686,1140
88.67353743,1114
88.699798,1096
88.72605857,1117
88.75231914,1035
88.77857971,1101
88.80484028,1109
88.83110085,1083
88.85736142,1085
88.88362199,1125
88.90988256,1078
88.93614313,1098
88.9624037,1085
88.98866427,1064
89.01492484,1064
89.04118541,1067
89.06744598,1062
89.09370655,1046
89.11996712,1056
89.14622769,1052
89.17248826,1056
89.19874883,1034
89.2250094,1030
89.25126997,1024
89.27753054,1054
89.30379111,1037
89.33005168,1024
89.35631225,1083
89.38257282,1096
89.40883339,1079
89.43509396,1053
89.46135453,1052
89.4876151,1065
89.51387567,1100
89.54013624,1096
89.56639681,1032
89.59265738,1109
89.61891795,1055
89.64517852,1079
89.67143909,1116
89.69769966,1019
89.72396023,1011
89.7502208,1067
89.77648137,1032
89.80274194,1093
89.82900251,1090
89.85526308,1040
89.88152365,1069
89.90778422,1044
89.93404479,1040
89.96030536,1047
89.98656593,1087
